product_id,product_name,category,price,stock_quantity
50001,Eum Eum,Toys,372,48
50002,Maiores Impedit,Home,62,25
50003,Qui Facere,Toys,82,32
50004,Dolor Ad,Toys,79,47
50005,Natus Quo,Home,46,78
50006,Provident Earum,Electronics,426,1
50007,Modi Veniam,Books,328,70
50008,Sed Mollitia,Toys,185,31
50009,Error Earum,Toys,37,3
50010,Non Rerum,Electronics,75,19
50011,Est Vero,Clothing,60,35
50012,Soluta Culpa,Electronics,109,31
50013,Exercitationem Cumque,Electronics,204,27
50014,Sit Earum,Toys,105,76
50015,Accusantium Enim,Books,260,0
50016,Sed Esse,Electronics,311,59
50017,Aperiam Consequatur,Clothing,78,55
50018,At Ducimus,Home,175,34
50019,Explicabo Delectus,Electronics,381,29
50020,Maiores Ea,Electronics,147,53
50021,Odio Nihil,Clothing,170,35
50022,Adipisci Impedit,Books,403,54
50023,Molestiae Vel,Electronics,265,88
50024,Quibusdam Doloribus,Electronics,225,79
50025,Unde Suscipit,Books,87,57
50026,Earum Est,Clothing,186,82
50027,Rem Ad,Electronics,311,64
50028,Nulla Iusto,Books,14,68
50029,Ullam Possimus,Electronics,400,50
50030,Vitae Eaque,Home,8,21
50031,Itaque Ipsa,Toys,355,87
50032,Rerum Provident,Home,406,52
50033,Tempore Veniam,Electronics,340,99
50034,At Tempore,Clothing,492,35
50035,Animi Perferendis,Toys,296,67
50036,Culpa Est,Home,285,35
50037,Saepe Repellendus,Books,219,51
50038,Culpa Dicta,Clothing,464,52
50039,Amet Ex,Home,102,81
50040,Placeat Vel,Books,424,49
50041,Rem Vel,Electronics,105,79
50042,Maxime Pariatur,Books,455,40
50043,Hic Nulla,Home,13,17
50044,Error Repudiandae,Home,65,21
50045,Voluptate Sequi,Electronics,313,65
50046,Consequatur Fugit,Books,150,20
50047,Vero Est,Books,431,99
50048,Eos Sit,Electronics,423,43
50049,Mollitia Accusamus,Books,67,46
50050,Nam Deleniti,Electronics,125,38
50051,Neque Assumenda,Clothing,230,28
50052,Neque Error,Home,109,53
50053,Sapiente Quas,Clothing,466,89
50054,Occaecati Rem,Toys,264,84
50055,Maiores Quisquam,Toys,353,16
50056,Incidunt Ipsa,Toys,429,79
50057,Quaerat Excepturi,Electronics,259,59
50058,Tempore Incidunt,Books,433,30
50059,Ex Aspernatur,Clothing,438,72
50060,Quas Est,Clothing,211,94
50061,Cupiditate Dolores,Clothing,32,77
50062,Adipisci Dignissimos,Clothing,174,48
50063,Quibusdam At,Toys,340,1
50064,Voluptatibus Veritatis,Clothing,80,47
50065,Similique Doloribus,Books,120,13
50066,Temporibus Culpa,Toys,73,58
50067,Ipsam Quas,Clothing,358,96
50068,Inventore Numquam,Electronics,238,98
50069,Culpa Illo,Home,5,57
50070,Aut Delectus,Home,171,57
50071,Velit Soluta,Home,356,50
50072,Earum Doloribus,Toys,222,83
50073,Explicabo Velit,Clothing,277,1
50074,Possimus Cum,Toys,372,40
50075,Laboriosam Iusto,Books,255,82
50076,Mollitia Tenetur,Electronics,351,81
50077,Corporis Id,Electronics,348,15
50078,Quo Magni,Home,423,3
50079,Placeat Itaque,Home,178,11
50080,Recusandae Numquam,Home,174,28
50081,Laudantium Repudiandae,Clothing,250,6
50082,Sunt Doloribus,Books,427,13
50083,Commodi Libero,Books,94,11
50084,Atque Adipisci,Books,53,98
50085,Animi Repellendus,Books,450,4
50086,Sunt Sequi,Home,298,80
50087,Molestiae Autem,Electronics,411,31
50088,Nesciunt Omnis,Home,154,73
50089,Iusto Occaecati,Books,136,42
50090,Necessitatibus Rerum,Home,437,80
50091,Tempore Quos,Books,63,68
50092,Necessitatibus Nisi,Toys,461,44
50093,Occaecati Atque,Electronics,328,8
50094,Totam Alias,Toys,203,48
50095,Officia Officiis,Clothing,219,32
50096,Quasi Mollitia,Home,390,99
50097,Ratione Placeat,Clothing,53,99
50098,Officia Corrupti,Home,476,17
50099,Aliquid Dignissimos,Toys,236,8
50100,Vero Ea,Books,251,61
50101,Dolor Possimus,Books,386,56
50102,Cupiditate Eum,Home,483,28
50103,Perspiciatis Minus,Books,243,77
50104,Ullam Ea,Toys,419,24
50105,Iure Sint,Books,371,14
50106,Rerum Sapiente,Toys,172,5
50107,Exercitationem Voluptates,Clothing,52,41
50108,Expedita Fuga,Toys,55,28
50109,Maiores Incidunt,Electronics,303,78
50110,Et Id,Electronics,102,92
50111,Officia Ducimus,Electronics,443,3
50112,Quos Dolorem,Home,220,81
50113,Amet Sed,Home,181,56
50114,Neque Tempora,Home,384,48
50115,Perspiciatis Dolorum,Toys,478,43
50116,Alias Atque,Home,84,79
50117,Aliquid Atque,Clothing,189,74
50118,Ex Error,Electronics,371,13
50119,Molestias Cum,Toys,465,2
50120,Nulla Voluptas,Electronics,403,61
50121,Minima Natus,Home,31,63
50122,Facilis Ipsam,Toys,456,44
50123,Veritatis Voluptatibus,Books,468,81
50124,Debitis Maiores,Clothing,452,57
50125,Ullam Facilis,Home,482,19
50126,Porro Fugit,Home,496,57
50127,Autem Quaerat,Clothing,418,88
50128,Fuga Veniam,Clothing,424,56
50129,Pariatur Rerum,Books,199,76
50130,Modi Officiis,Home,218,67
50131,Doloremque Amet,Home,373,77
50132,Pariatur Suscipit,Electronics,346,96
50133,Ratione Pariatur,Toys,118,91
50134,Odit Voluptates,Toys,246,51
50135,Occaecati Provident,Electronics,128,36
50136,Molestiae Consequuntur,Toys,309,7
50137,Optio Non,Clothing,80,43
50138,Doloremque Natus,Toys,315,97
50139,Veniam Quis,Toys,473,4
50140,Quia Impedit,Electronics,316,68
50141,Maiores Dolorum,Books,200,30
50142,Aut Nemo,Toys,355,44
50143,Quis Ad,Toys,48,8
50144,Consequuntur Ab,Books,419,31
50145,Pariatur Omnis,Electronics,190,32
50146,Facere Impedit,Books,347,66
50147,Doloribus Nisi,Electronics,250,29
50148,Ratione Nostrum,Clothing,441,75
50149,Consectetur Aperiam,Electronics,88,28
50150,Placeat Laudantium,Clothing,211,2
50151,Vero Tempore,Clothing,155,89
50152,Reprehenderit Earum,Electronics,160,56
50153,Deleniti Qui,Home,20,29
50154,Corporis Officiis,Electronics,169,8
50155,Earum Atque,Toys,409,25
50156,Autem Voluptates,Toys,467,1
50157,Doloribus Dolor,Home,149,61
50158,Iure Animi,Clothing,41,2
50159,Rem Nisi,Home,337,45
50160,Reprehenderit Omnis,Toys,407,67
50161,Explicabo Laborum,Home,418,24
50162,Eligendi Voluptate,Electronics,49,50
50163,Tempore Voluptatibus,Home,406,12
50164,Fugit A,Clothing,210,43
50165,Nulla Nesciunt,Electronics,66,34
50166,Praesentium Neque,Books,424,54
50167,Deserunt Tempore,Toys,360,86
50168,Fuga Laborum,Toys,472,8
50169,Quae Animi,Home,312,1
50170,Consequuntur Fugiat,Electronics,23,60
50171,Reprehenderit Ex,Books,369,40
50172,Rerum Ipsam,Electronics,304,43
50173,Praesentium Distinctio,Toys,11,63
50174,Ipsam Voluptas,Electronics,253,30
50175,Facere Vel,Books,432,46
50176,Possimus Quos,Home,121,1
50177,Doloremque Veritatis,Clothing,72,95
50178,Minus Corporis,Electronics,38,81
50179,Voluptatibus Maiores,Clothing,198,76
50180,Quibusdam Blanditiis,Toys,329,68
50181,Magni At,Home,59,57
50182,Nesciunt Temporibus,Home,270,43
50183,Repellat Aliquam,Electronics,484,73
50184,Animi Rem,Home,46,55
50185,Rerum Tenetur,Electronics,301,42
50186,Quod Esse,Electronics,465,88
50187,Laudantium Eos,Clothing,235,33
50188,Veniam Reprehenderit,Home,457,29
50189,Culpa Velit,Electronics,382,70
50190,Distinctio Mollitia,Clothing,398,69
50191,Blanditiis Exercitationem,Books,14,54
50192,Sed Inventore,Clothing,362,66
50193,Assumenda Corrupti,Clothing,479,12
50194,In Animi,Electronics,448,2
50195,Perferendis Id,Toys,132,25
50196,Voluptates Quasi,Toys,183,56
50197,Recusandae Eos,Toys,409,23
50198,Maiores Quia,Clothing,396,52
50199,Accusamus Iste,Electronics,197,69
50200,Cum Illum,Home,96,42
50201,Ratione Accusantium,Clothing,373,59
50202,Tempore Adipisci,Clothing,235,57
50203,Reprehenderit Aperiam,Electronics,82,48
50204,Molestiae Totam,Books,89,41
50205,Temporibus Ratione,Clothing,34,75
50206,Consequatur Eos,Books,217,99
50207,Nihil Maxime,Books,53,65
50208,Esse Error,Toys,269,10
50209,Alias Molestiae,Electronics,149,97
50210,Tempore Blanditiis,Books,73,89
50211,Hic Ea,Electronics,62,17
50212,Voluptatem Ad,Toys,189,84
50213,Nam Commodi,Electronics,66,99
50214,Porro Laboriosam,Clothing,483,51
50215,Odit Perspiciatis,Books,312,45
50216,Fugit Voluptas,Electronics,449,43
50217,Repellat Quam,Home,300,21
50218,Tempore Tempora,Electronics,170,52
50219,Accusamus Aliquid,Books,175,58
50220,Maxime Saepe,Toys,67,93
50221,Aliquid Rem,Toys,151,29
50222,Veniam Quam,Books,488,7
50223,Commodi Laudantium,Clothing,310,97
50224,Fugiat Repellat,Clothing,165,56
50225,Quibusdam Totam,Toys,145,72
50226,Maxime Ut,Toys,338,19
50227,Laudantium Labore,Books,101,24
50228,Ex Suscipit,Clothing,450,18
50229,Iste Adipisci,Toys,225,4
50230,Perspiciatis Corrupti,Clothing,47,74
50231,Eaque Incidunt,Toys,437,78
50232,Doloremque Odit,Electronics,296,71
50233,Tempora Dicta,Home,382,82
50234,Veniam Adipisci,Electronics,112,86
50235,Dignissimos Qui,Toys,270,26
50236,Veniam Rerum,Home,99,39
50237,Eius Consectetur,Home,266,95
50238,Accusamus Quas,Toys,317,25
50239,Quasi Facilis,Toys,389,26
50240,A Soluta,Clothing,75,61
50241,Veniam Natus,Toys,446,82
50242,Magnam Quos,Books,223,49
50243,Nihil Deleniti,Toys,25,41
50244,Cumque Recusandae,Books,96,28
50245,Sunt Quasi,Toys,131,38
50246,Impedit Sequi,Clothing,84,59
50247,Expedita Exercitationem,Books,316,40
50248,Dolorum Cum,Electronics,242,32
50249,Numquam Magni,Books,475,82
50250,Esse Perspiciatis,Clothing,376,82
50251,Tempore Molestiae,Books,408,96
50252,Ipsum Eum,Toys,490,15
50253,Ea Exercitationem,Toys,186,22
50254,Architecto Delectus,Clothing,29,6
50255,Adipisci Magnam,Home,160,25
50256,Temporibus Alias,Toys,9,95
50257,Impedit Fuga,Electronics,124,11
50258,Aspernatur Iusto,Clothing,281,71
50259,Inventore Dolores,Books,22,4
50260,Quaerat Quos,Books,435,91
50261,Nobis Explicabo,Electronics,202,68
50262,Ducimus Tempora,Toys,61,48
50263,Excepturi Perferendis,Clothing,97,25
50264,Quibusdam Facere,Electronics,23,4
50265,Quis Aliquid,Toys,388,21
50266,Ipsam Quam,Clothing,357,78
50267,Ipsa Magni,Books,197,12
50268,Sit Corrupti,Clothing,241,27
50269,Perspiciatis Vero,Home,391,32
50270,Velit Similique,Clothing,430,22
50271,In Illo,Home,281,96
50272,Voluptatem Unde,Clothing,231,17
50273,Nemo Explicabo,Home,237,29
50274,Temporibus Minus,Books,44,25
50275,Voluptatem Eaque,Toys,327,15
50276,Adipisci Cupiditate,Home,157,76
50277,Sequi Odit,Home,131,38
50278,Temporibus Qui,Books,241,32
50279,Porro Expedita,Home,490,25
50280,Occaecati Eveniet,Electronics,497,47
50281,Nulla Quae,Books,59,64
50282,Incidunt Quia,Electronics,472,37
50283,Commodi At,Books,440,1
50284,Recusandae Nobis,Home,176,5
50285,Praesentium In,Electronics,113,45
50286,Ipsa Adipisci,Home,358,49
50287,Libero Amet,Books,473,37
50288,Consectetur Cum,Home,188,87
50289,Placeat Beatae,Electronics,443,17
50290,Minima Deleniti,Electronics,372,26
50291,Beatae Quasi,Home,475,40
50292,Molestiae Culpa,Clothing,202,71
50293,Quisquam Molestiae,Books,375,91
50294,Eius Ipsam,Books,377,73
50295,Porro Tempora,Home,465,16
50296,Magnam Consequatur,Clothing,91,61
50297,Consectetur Architecto,Electronics,205,28
50298,Aperiam Beatae,Toys,341,57
50299,Accusantium Atque,Toys,326,69
50300,Nostrum Eveniet,Home,279,77
50301,Quam Voluptas,Clothing,215,21
50302,Soluta Ipsum,Clothing,395,5
50303,Quam Explicabo,Books,122,25
50304,Veniam Ducimus,Electronics,195,38
50305,Repudiandae Pariatur,Clothing,46,11
50306,Rerum Dolorem,Toys,46,98
50307,Odit Cumque,Electronics,319,13
50308,Vero Distinctio,Electronics,280,21
50309,Natus Quas,Home,333,50
50310,Delectus Sit,Clothing,21,22
50311,Alias Eaque,Home,287,47
50312,Recusandae Et,Clothing,435,70
50313,Nobis Quod,Books,262,49
50314,Repellendus Corporis,Home,67,88
50315,Ea Eius,Home,66,12
50316,Harum Repudiandae,Toys,104,84
50317,Cum Non,Home,23,9
50318,Nam Aut,Clothing,21,54
50319,In Voluptatem,Toys,329,8
50320,Possimus Sequi,Home,427,78
50321,Possimus Rem,Home,470,51
50322,Quisquam Est,Books,377,1
50323,Error Veritatis,Home,250,24
50324,Illo Saepe,Electronics,255,12
50325,Molestiae Iusto,Toys,459,97
50326,Officia Eos,Electronics,85,50
50327,Reiciendis Cupiditate,Toys,43,57
50328,Iure Dolor,Books,40,33
50329,Ex Aperiam,Home,428,34
50330,Suscipit Id,Home,433,2
50331,At Voluptatem,Home,392,58
50332,Deserunt Quisquam,Toys,490,69
50333,Magni Esse,Home,413,47
50334,Nesciunt Facilis,Electronics,201,63
50335,Quasi Quibusdam,Home,162,18
50336,Illum Necessitatibus,Books,208,66
50337,Illo Aliquid,Electronics,200,81
50338,Ducimus Facilis,Home,220,72
50339,Minus Eveniet,Home,289,75
50340,Voluptatem Minima,Clothing,461,4
50341,Rerum Soluta,Toys,200,66
50342,At Amet,Electronics,311,10
50343,Aliquid Laborum,Clothing,156,93
50344,Rerum Assumenda,Books,18,67
50345,Amet Tempora,Toys,329,68
50346,Similique Doloribus,Electronics,150,0
50347,Autem Velit,Home,430,90
50348,Placeat Harum,Electronics,61,91
50349,Qui Consectetur,Home,215,62
50350,Enim Ipsa,Toys,272,28
50351,Modi Rem,Home,214,81
50352,Animi Id,Books,21,11
50353,Aliquid Pariatur,Home,290,76
50354,Facilis Dolores,Books,348,40
50355,Vel Sed,Toys,207,1
50356,Quaerat Perspiciatis,Toys,103,36
50357,Architecto Nisi,Electronics,283,44
50358,Dicta Quasi,Books,213,79
50359,Corrupti Laudantium,Books,133,47
50360,Adipisci Unde,Clothing,339,23
50361,Doloremque Quia,Clothing,292,98
50362,Corrupti A,Clothing,256,21
50363,Modi Recusandae,Home,269,99
50364,Iste Sapiente,Clothing,275,10
50365,Veniam Praesentium,Books,416,57
50366,Provident Facere,Home,412,45
50367,In Nisi,Toys,192,28
50368,Placeat Quis,Electronics,423,34
50369,Dolorem Mollitia,Clothing,218,14
50370,Dolorum Minus,Toys,287,59
50371,Labore Eaque,Books,215,94
50372,Similique Voluptas,Electronics,369,41
50373,Laboriosam Eveniet,Toys,80,42
50374,Voluptate Itaque,Electronics,152,79
50375,Eligendi Veritatis,Clothing,325,73
50376,Corporis Cupiditate,Books,217,48
50377,Perspiciatis Distinctio,Electronics,437,63
50378,Distinctio Ipsum,Toys,113,31
50379,Corporis Saepe,Clothing,133,63
50380,Eligendi Eos,Clothing,14,1
50381,Asperiores At,Toys,51,23
50382,Eos Atque,Toys,383,86
50383,Asperiores Voluptate,Electronics,319,65
50384,Laboriosam Minus,Home,100,37
50385,Occaecati Repellat,Clothing,450,30
50386,Debitis Repellendus,Electronics,107,25
50387,Dolores Ducimus,Toys,384,28
50388,Fugiat Nostrum,Electronics,346,66
50389,Iure Quae,Toys,150,77
50390,Non Pariatur,Books,372,24
50391,At Dolorum,Toys,434,47
50392,Odio Alias,Toys,420,64
50393,Sed Assumenda,Toys,31,52
50394,Ratione Suscipit,Home,224,66
50395,Sapiente Quos,Toys,22,89
50396,Dolorum Quam,Clothing,171,17
50397,Molestiae Dolorem,Clothing,437,8
50398,Quaerat Quaerat,Electronics,481,37
50399,Consectetur Repellendus,Home,86,86
50400,Nemo Animi,Electronics,432,20
50401,Voluptatem Modi,Clothing,76,64
50402,Error Repudiandae,Clothing,314,20
50403,Excepturi Saepe,Books,483,26
50404,Placeat Quod,Toys,258,69
50405,Quidem Labore,Clothing,166,43
50406,Excepturi Debitis,Electronics,331,99
50407,Aliquid Provident,Electronics,424,27
50408,Molestiae Maiores,Toys,406,44
50409,Aliquid Aperiam,Toys,42,16
50410,In Magnam,Books,447,39
50411,Dignissimos Corrupti,Home,397,2
50412,Veritatis Asperiores,Electronics,205,75
50413,Deleniti Corrupti,Toys,498,75
50414,Debitis Delectus,Electronics,204,65
50415,Eligendi Omnis,Toys,259,45
50416,Fuga Officiis,Clothing,183,85
50417,Fugiat Ea,Electronics,39,86
50418,Ab Nesciunt,Clothing,86,29
50419,Iste Quis,Electronics,393,68
50420,Culpa Aliquam,Home,402,8
50421,Corporis Error,Books,224,84
50422,Quae Illo,Clothing,162,10
50423,Tempore Quis,Toys,8,68
50424,Eos Modi,Home,171,98
50425,Corporis Natus,Electronics,472,90
50426,Quis Dolor,Clothing,452,65
50427,A Esse,Electronics,413,87
50428,Veniam Rerum,Electronics,416,30
50429,Ut Asperiores,Electronics,208,32
50430,A Accusantium,Books,198,38
50431,Quam Tempora,Books,239,93
50432,Odit Dolorem,Toys,210,45
50433,Beatae Omnis,Clothing,154,36
50434,Impedit Dolorem,Home,163,91
50435,Fugit Vero,Home,283,59
50436,Dolorum Incidunt,Home,308,30
50437,Pariatur Harum,Electronics,408,10
50438,Exercitationem Doloribus,Books,385,86
50439,Eos Quibusdam,Clothing,170,1
50440,Nobis Ab,Electronics,315,26
50441,Nesciunt Pariatur,Books,72,98
50442,Aperiam Eaque,Books,467,1
50443,Iusto Qui,Clothing,92,20
50444,Veniam Ullam,Clothing,221,57
50445,Natus Laudantium,Clothing,5,4
50446,Quibusdam Quibusdam,Electronics,139,51
50447,Officia Nam,Toys,189,44
50448,At Mollitia,Clothing,355,84
50449,Sed Doloremque,Toys,144,92
50450,Ea Unde,Electronics,110,19
50451,Impedit Rem,Toys,137,60
50452,Soluta Quo,Home,112,37
50453,Nesciunt Molestias,Toys,182,19
50454,Voluptate Eaque,Clothing,302,24
50455,Aperiam Incidunt,Electronics,362,1
50456,Et Nihil,Clothing,384,31
50457,Reiciendis Ex,Home,400,25
50458,Aperiam Porro,Clothing,363,69
50459,Ipsa Deleniti,Clothing,150,40
50460,Animi Consectetur,Clothing,454,66
50461,Dignissimos Quae,Books,78,96
50462,Fugiat Possimus,Home,467,0
50463,Quaerat Officiis,Clothing,482,50
50464,Ad Unde,Clothing,112,4
50465,Ad Est,Clothing,126,12
50466,Consequatur Maxime,Electronics,21,18
50467,Occaecati In,Books,200,11
50468,Quidem Ratione,Electronics,331,47
50469,Ipsa Voluptas,Books,322,24
50470,Tenetur Soluta,Clothing,301,56
50471,Doloribus Sequi,Home,483,34
50472,Pariatur Impedit,Toys,256,75
50473,Quis Dignissimos,Toys,491,93
50474,Laborum Cum,Clothing,123,4
50475,Ullam Fugiat,Electronics,166,97
50476,Ad Veniam,Home,202,21
50477,Impedit Asperiores,Books,490,76
50478,Ducimus Accusamus,Clothing,49,56
50479,Unde Reiciendis,Home,318,46
50480,Error Eligendi,Home,183,53
50481,Itaque Unde,Books,386,2
50482,Ipsam Sequi,Home,422,52
50483,Quia Fugiat,Electronics,48,83
50484,Dolorum Animi,Electronics,275,30
50485,Similique Praesentium,Electronics,82,68
50486,Illo Labore,Home,330,87
50487,Animi Doloribus,Electronics,182,32
50488,Nisi Corporis,Books,361,71
50489,Consectetur Consectetur,Home,420,87
50490,Molestiae A,Toys,455,49
50491,Nam Aperiam,Home,7,83
50492,Molestiae Quae,Books,218,15
50493,Minima Nulla,Toys,346,75
50494,Nisi Tempore,Home,78,76
50495,Accusantium Quia,Electronics,55,38
50496,Modi Commodi,Clothing,71,88
50497,Reprehenderit Fuga,Clothing,336,45
50498,Asperiores Inventore,Electronics,97,95
50499,Tenetur Omnis,Clothing,180,87
50500,Nisi Dicta,Clothing,149,46
50501,Quibusdam Ut,Electronics,11,43
50502,Provident Qui,Electronics,273,8
50503,Excepturi Corporis,Home,380,86
50504,Odit Ex,Home,326,49
50505,Officia Nesciunt,Electronics,8,76
50506,Quod Architecto,Books,142,59
50507,Numquam Expedita,Clothing,235,95
50508,Optio Itaque,Home,92,14
50509,Vel Quasi,Clothing,21,35
50510,Non Dolorum,Toys,56,62
50511,Facere Vero,Electronics,138,68
50512,Nihil Facilis,Books,215,85
50513,Itaque Saepe,Toys,329,79
50514,Ullam Recusandae,Toys,484,40
50515,Illo In,Toys,462,73
50516,Beatae Earum,Electronics,397,23
50517,Natus Commodi,Home,223,81
50518,Dolorem Corporis,Electronics,209,48
50519,Libero Nobis,Home,215,17
50520,Eaque Ab,Toys,281,6
50521,Nulla Deserunt,Toys,28,3
50522,Mollitia Laboriosam,Books,490,89
50523,Cumque Placeat,Home,8,68
50524,Debitis Hic,Toys,156,59
50525,Placeat Explicabo,Clothing,447,54
50526,Et Amet,Books,487,15
50527,Vel Sit,Electronics,263,98
50528,Saepe Quod,Books,328,89
50529,Doloremque Consequuntur,Clothing,361,81
50530,Voluptas Vel,Home,172,28
50531,Architecto Sunt,Electronics,180,22
50532,Reprehenderit Occaecati,Electronics,314,13
50533,Minus Magni,Home,295,78
50534,Nostrum Molestias,Books,483,48
50535,Quis Deleniti,Toys,60,32
50536,Occaecati Eligendi,Books,112,24
50537,Corrupti Nesciunt,Clothing,477,20
50538,Numquam Corrupti,Toys,300,16
50539,Sapiente Fugit,Books,465,22
50540,Adipisci Sapiente,Home,328,56
50541,Voluptas Suscipit,Clothing,306,80
50542,Unde Laudantium,Clothing,338,57
50543,Eos Consequatur,Clothing,145,13
50544,Cupiditate Placeat,Toys,159,92
50545,Eum Qui,Electronics,266,19
50546,Eius Quidem,Toys,277,29
50547,Accusantium Sequi,Books,424,18
50548,Enim Laboriosam,Electronics,236,52
50549,Dolorum Vel,Books,245,55
50550,Ut Iure,Electronics,359,76
50551,Mollitia Iure,Toys,341,81
50552,Error Ut,Clothing,493,22
50553,Voluptatibus Quas,Home,262,61
50554,Quibusdam Odio,Clothing,253,32
50555,Sed Cumque,Toys,81,17
50556,Odio At,Electronics,184,72
50557,Deserunt Vitae,Clothing,70,32
50558,Earum Voluptate,Toys,312,31
50559,Nihil A,Books,352,60
50560,Repellendus Perferendis,Home,175,53
50561,Cupiditate Ab,Clothing,478,16
50562,A Impedit,Electronics,26,18
50563,Rem Inventore,Books,371,90
50564,Quidem Quod,Toys,111,69
50565,Neque Velit,Home,443,98
50566,Vitae Hic,Electronics,327,33
50567,Facilis Aut,Toys,231,83
50568,Sint Magnam,Toys,448,24
50569,Neque Sint,Clothing,446,67
50570,Ut Corporis,Clothing,400,73
50571,Libero Praesentium,Electronics,220,73
50572,Quis Cumque,Toys,73,87
50573,Facere Iure,Clothing,88,84
50574,Sint Reprehenderit,Home,107,10
50575,Quod Voluptas,Home,43,90
50576,Voluptatem Ducimus,Toys,17,15
50577,Ea Modi,Clothing,301,89
50578,At Magnam,Electronics,317,60
50579,Dolores Modi,Electronics,185,93
50580,Est Magni,Electronics,497,79
50581,Sed Atque,Home,272,6
50582,Maiores Expedita,Clothing,17,15
50583,Voluptates Doloribus,Clothing,124,98
50584,Ipsum Perspiciatis,Home,462,15
50585,Incidunt Optio,Electronics,357,39
50586,Officia Perferendis,Electronics,61,11
50587,Veritatis Quod,Toys,44,34
50588,Molestiae Voluptate,Books,378,20
50589,Deserunt Dolorem,Clothing,340,49
50590,Totam Sunt,Clothing,132,42
50591,Natus Ut,Clothing,177,99
50592,Rerum Deleniti,Books,39,16
50593,Quae Odit,Toys,263,31
50594,Aliquid Fuga,Books,380,40
50595,Aspernatur Ducimus,Electronics,9,5
50596,Laborum Minima,Electronics,222,87
50597,Incidunt Tenetur,Clothing,15,26
50598,Unde Sunt,Home,386,19
50599,Ipsum Harum,Clothing,331,24
50600,Iste Iste,Home,121,65
50601,Quaerat Officia,Books,188,8
50602,Vitae Exercitationem,Electronics,398,91
50603,Iste Est,Home,366,52
50604,Repellendus Odit,Books,120,60
50605,Aliquam Suscipit,Electronics,166,37
50606,Est Quia,Home,71,2
50607,Ipsum Aliquid,Clothing,204,83
50608,Nobis Reiciendis,Clothing,35,69
50609,Reiciendis Atque,Clothing,79,96
50610,Fugiat Suscipit,Books,241,54
50611,Tempore Ut,Clothing,331,0
50612,Qui Sequi,Toys,497,69
50613,Ratione Velit,Electronics,70,44
50614,Sed Doloremque,Books,74,97
50615,Rem Rerum,Clothing,301,46
50616,Eligendi Quasi,Electronics,451,78
50617,Doloribus Commodi,Home,420,25
50618,Atque Fugiat,Clothing,24,13
50619,Neque Deserunt,Electronics,445,53
50620,Ullam Cumque,Toys,230,70
50621,Saepe Consectetur,Home,438,45
50622,Autem Iste,Toys,468,30
50623,Ex Nobis,Electronics,413,87
50624,Iusto Hic,Toys,400,58
50625,Beatae Officiis,Electronics,203,94
50626,Porro Tempora,Electronics,43,28
50627,Tempora Dicta,Toys,149,95
50628,Natus Earum,Electronics,49,16
50629,Odit Quia,Clothing,399,13
50630,Excepturi Voluptatum,Electronics,330,35
50631,Blanditiis Velit,Books,385,57
50632,Aliquid Quam,Electronics,411,23
50633,Minus Facilis,Books,95,62
50634,Possimus Dolorum,Electronics,242,90
50635,Dolores Libero,Electronics,74,24
50636,Adipisci Eum,Toys,170,58
50637,Aspernatur Nemo,Clothing,134,31
50638,Incidunt Amet,Clothing,218,81
50639,Debitis Atque,Home,344,17
50640,Aliquam Aspernatur,Toys,93,36
50641,Doloremque Molestias,Toys,339,25
50642,Illum Sunt,Clothing,256,8
50643,Minima Voluptatibus,Toys,373,98
50644,Ab Id,Clothing,353,63
50645,Tempora Nostrum,Toys,76,71
50646,Consectetur Rerum,Electronics,169,19
50647,Soluta Provident,Clothing,53,53
50648,Repudiandae Magnam,Clothing,56,85
50649,Neque Expedita,Books,293,82
50650,Delectus Porro,Toys,282,29
50651,Natus Quisquam,Toys,118,52
50652,Iure Fuga,Clothing,243,91
50653,Nisi Provident,Electronics,137,98
50654,Sequi Exercitationem,Electronics,491,62
50655,Provident Nesciunt,Electronics,278,10
50656,Repudiandae Earum,Toys,170,30
50657,Vitae Doloremque,Books,378,48
50658,Temporibus Perspiciatis,Clothing,377,99
50659,Sed Saepe,Home,297,93
50660,Ipsa Vel,Books,482,86
50661,Provident Ullam,Home,247,18
50662,Reprehenderit Tenetur,Books,483,11
50663,Aspernatur Itaque,Electronics,324,14
50664,Tempore Illo,Toys,142,30
50665,Dolore Consequatur,Home,83,42
50666,Quos Quaerat,Books,174,36
50667,Incidunt Officiis,Toys,127,78
50668,Odio Porro,Home,180,28
50669,Saepe Deleniti,Clothing,304,25
50670,Recusandae Accusamus,Books,86,1
50671,Pariatur Nam,Clothing,91,83
50672,Earum Qui,Electronics,229,14
50673,Consequatur Fuga,Clothing,20,3
50674,Sapiente Rem,Clothing,314,85
50675,Voluptatum Nostrum,Books,362,49
50676,Quidem Harum,Electronics,167,37
50677,Alias Molestiae,Clothing,102,22
50678,Placeat Ad,Toys,160,58
50679,Ratione Omnis,Home,6,89
50680,Quod Eaque,Clothing,354,74
50681,Earum Animi,Electronics,401,27
50682,Voluptate Repudiandae,Clothing,173,65
50683,Reprehenderit Magni,Home,468,7
50684,Voluptatem Hic,Electronics,319,28
50685,A Odio,Books,329,10
50686,Asperiores Quia,Electronics,379,17
50687,Fugit Reprehenderit,Books,96,54
50688,Occaecati Nobis,Electronics,185,49
50689,Quasi Quidem,Home,235,13
50690,Quos Soluta,Home,305,73
50691,Vel Ipsum,Electronics,152,98
50692,Magnam Ipsam,Clothing,284,8
50693,Quaerat At,Home,193,98
50694,Debitis Soluta,Books,351,10
50695,Est Rem,Books,354,62
50696,Sunt Dolore,Toys,318,75
50697,Maiores Minima,Books,497,66
50698,Distinctio Officia,Toys,415,52
50699,Quos Molestias,Electronics,414,38
50700,Odit Inventore,Electronics,132,77
50701,Molestiae Alias,Electronics,11,55
50702,Repellendus Ullam,Clothing,430,27
50703,Consectetur Fuga,Clothing,51,74
50704,Exercitationem Eum,Toys,57,38
50705,Nesciunt Accusamus,Books,191,24
50706,Earum Laborum,Books,42,20
50707,Ab Asperiores,Electronics,457,9
50708,Voluptate Sunt,Home,475,42
50709,Tenetur Dolorem,Clothing,480,14
50710,Dolor Fugiat,Clothing,230,82
50711,Facilis Labore,Electronics,57,47
50712,Fuga Totam,Clothing,403,85
50713,Soluta Nemo,Electronics,228,20
50714,Atque Aut,Toys,158,59
50715,Perferendis Corrupti,Books,52,95
50716,Sunt Temporibus,Home,355,49
50717,Magnam Occaecati,Books,151,22
50718,Veritatis Aspernatur,Books,397,12
50719,Atque Ullam,Toys,68,68
50720,Qui Odio,Clothing,353,3
50721,Quidem Quaerat,Home,186,91
50722,Doloribus Sint,Clothing,129,77
50723,Esse Error,Books,183,71
50724,Occaecati Molestiae,Electronics,43,8
50725,Architecto Quis,Books,264,34
50726,Minus Iste,Clothing,386,20
50727,Mollitia Blanditiis,Books,7,57
50728,Mollitia Necessitatibus,Electronics,68,17
50729,Molestiae Repudiandae,Toys,33,96
50730,Unde Amet,Clothing,376,71
50731,Dolorum Aliquid,Books,15,80
50732,Ratione Repudiandae,Clothing,101,42
50733,Incidunt Incidunt,Toys,362,94
50734,Dolor Dignissimos,Books,446,97
50735,Iure Dolor,Books,207,5
50736,Accusamus Nam,Clothing,415,85
50737,Doloremque Corrupti,Clothing,485,77
50738,Dolore Cumque,Electronics,25,66
50739,Ipsam Commodi,Toys,43,11
50740,Cum Maxime,Electronics,227,99
50741,Minima Repellat,Books,106,11
50742,Eum Architecto,Clothing,50,65
50743,Fugit Repudiandae,Books,70,1
50744,Tenetur Illum,Books,95,14
50745,Vel Deserunt,Home,168,22
50746,Id Possimus,Home,463,28
50747,Quaerat Atque,Books,115,80
50748,Quaerat Velit,Clothing,342,95
50749,Ex Ratione,Books,127,6
50750,Saepe Blanditiis,Home,197,93
50751,Molestias Consectetur,Clothing,451,27
50752,Ad Asperiores,Books,103,13
50753,Nostrum Nostrum,Toys,295,43
50754,Itaque Fugit,Toys,163,29
50755,Quos Expedita,Books,416,80
50756,Aspernatur Deserunt,Clothing,107,31
50757,Amet Saepe,Books,389,69
50758,Cupiditate Repellat,Books,285,87
50759,Aperiam Placeat,Home,47,5
50760,Esse Aspernatur,Toys,490,26
50761,Laudantium Exercitationem,Home,88,81
50762,Aperiam Recusandae,Home,455,87
50763,Ut Ducimus,Books,195,23
50764,Ratione Repellendus,Home,55,33
50765,Laboriosam Officia,Toys,390,39
50766,Veniam Voluptatem,Home,214,46
50767,Eveniet Saepe,Toys,130,78
50768,Dolor Quas,Home,496,74
50769,Explicabo Nostrum,Toys,452,85
50770,Recusandae Ut,Home,462,23
50771,Eaque Dolor,Home,73,64
50772,Repellat Iusto,Clothing,269,17
50773,Aut Ducimus,Toys,262,43
50774,Eaque Officiis,Toys,422,75
50775,Aliquam Ut,Toys,192,56
50776,Earum Doloribus,Electronics,234,27
50777,Itaque Cum,Home,193,70
50778,Dolore Praesentium,Toys,419,22
50779,Explicabo Repudiandae,Electronics,14,84
50780,Odio Voluptatibus,Clothing,118,33
50781,Minus Veritatis,Toys,80,10
50782,Repudiandae Perspiciatis,Toys,168,85
50783,Vel Saepe,Electronics,89,34
50784,Asperiores Deleniti,Home,53,92
50785,Laboriosam Tempore,Clothing,499,41
50786,Tempora Aspernatur,Toys,330,27
50787,Accusamus Unde,Home,181,81
50788,Optio Id,Clothing,391,77
50789,Provident Voluptatum,Books,462,81
50790,Atque Quo,Books,393,91
50791,Nihil Ea,Clothing,498,23
50792,Tempora A,Electronics,222,7
50793,Officia Amet,Clothing,193,52
50794,Perferendis Ullam,Clothing,473,71
50795,Aliquid Rerum,Electronics,497,3
50796,Cumque Ducimus,Electronics,350,90
50797,Libero Ad,Home,234,99
50798,Debitis Ullam,Home,259,4
50799,Laudantium Dolor,Electronics,240,96
50800,Provident Magnam,Books,30,48
50801,Quia Porro,Books,76,97
50802,Quis Tempora,Clothing,265,29
50803,Aut Ipsa,Toys,258,71
50804,Adipisci Iure,Clothing,275,62
50805,Cum Quibusdam,Clothing,127,46
50806,Eos Rem,Toys,148,25
50807,Labore Aliquid,Electronics,261,56
50808,Expedita Sequi,Books,148,36
50809,Adipisci In,Clothing,425,97
50810,Odio Necessitatibus,Toys,263,6
50811,Dicta Dolore,Home,440,39
50812,Corporis Maiores,Clothing,51,91
50813,Enim Inventore,Books,355,38
50814,Eaque Voluptatibus,Electronics,17,61
50815,Quidem Quod,Clothing,380,91
50816,Tempora Perspiciatis,Clothing,212,77
50817,Eos Quam,Toys,315,52
50818,Minus Accusamus,Home,239,3
50819,Autem Similique,Home,153,81
50820,Porro Illo,Electronics,326,24
50821,Reiciendis Possimus,Books,442,6
50822,Eligendi Facere,Electronics,159,27
50823,Nihil Fugiat,Clothing,170,68
50824,Assumenda Molestiae,Clothing,94,66
50825,Dolores Consectetur,Home,190,94
50826,Quis Soluta,Books,322,19
50827,Laudantium Suscipit,Toys,362,82
50828,Odio Iste,Books,178,10
50829,Delectus Voluptatibus,Clothing,221,66
50830,Asperiores Voluptatem,Toys,399,86
50831,Optio Fugiat,Books,460,6
50832,Saepe Rem,Books,268,22
50833,Animi Ab,Toys,101,60
50834,Itaque Aliquam,Clothing,121,70
50835,Voluptatum Maiores,Books,203,33
50836,Totam Ad,Toys,324,18
50837,Nihil Temporibus,Clothing,490,57
50838,Consequuntur Aut,Toys,25,8
50839,Facilis Nesciunt,Toys,204,47
50840,Illum Maiores,Books,375,81
50841,Amet Voluptatibus,Clothing,451,40
50842,Maiores Ad,Books,345,47
50843,Atque Qui,Electronics,452,44
50844,Necessitatibus Dolores,Electronics,252,24
50845,Debitis Impedit,Clothing,280,77
50846,Quibusdam Harum,Toys,268,24
50847,Eius Ab,Books,62,18
50848,Libero Accusamus,Books,306,38
50849,Repellat Alias,Clothing,35,78
50850,Neque Vero,Clothing,253,79
50851,Numquam Accusantium,Electronics,97,26
50852,Nostrum Fuga,Home,269,73
50853,Laudantium Veniam,Clothing,275,62
50854,Praesentium Molestias,Home,98,67
50855,Cupiditate A,Clothing,158,18
50856,Recusandae Alias,Toys,398,27
50857,Reiciendis Non,Toys,289,84
50858,Consequuntur Doloribus,Electronics,84,77
50859,Ratione Veniam,Electronics,296,32
50860,Doloribus At,Home,88,9
50861,Ipsam Reprehenderit,Clothing,369,82
50862,Impedit Earum,Books,378,29
50863,Quam Nulla,Electronics,41,21
50864,Consequatur Aspernatur,Books,346,2
50865,Suscipit Vero,Books,331,81
50866,Soluta Minus,Clothing,411,74
50867,Repellat Explicabo,Home,429,47
50868,Suscipit Sequi,Clothing,236,1
50869,Ipsum Explicabo,Electronics,97,75
50870,Rem Minus,Books,340,53
50871,Velit Doloribus,Clothing,106,5
50872,Minus Similique,Clothing,416,39
50873,Sed Ad,Clothing,436,92
50874,Debitis Omnis,Electronics,170,93
50875,Quibusdam Reiciendis,Home,163,1
50876,Molestias Magnam,Clothing,18,72
50877,Laborum Natus,Electronics,377,1
50878,Quibusdam Architecto,Books,229,92
50879,Officia Cum,Toys,77,96
50880,Quam Temporibus,Electronics,253,73
50881,Assumenda Praesentium,Toys,95,97
50882,Sint Voluptas,Clothing,220,54
50883,Voluptatum Quaerat,Clothing,465,71
50884,Placeat Dolor,Electronics,94,59
50885,Praesentium Blanditiis,Toys,33,96
50886,Libero Ratione,Clothing,439,5
50887,Cupiditate Consectetur,Books,309,18
50888,Dolorem Tenetur,Home,431,95
50889,Fuga Expedita,Home,480,26
50890,Maiores Occaecati,Clothing,224,0
50891,Ipsum Sint,Toys,332,32
50892,Assumenda Porro,Clothing,219,39
50893,Magnam Alias,Toys,225,31
50894,Cum Numquam,Books,393,68
50895,Minima Ullam,Toys,46,16
50896,Debitis Debitis,Clothing,139,7
50897,Culpa Aliquam,Books,46,56
50898,Voluptas Culpa,Electronics,168,41
50899,Provident Facilis,Home,365,97
50900,Commodi Alias,Clothing,287,8
50901,Reiciendis Sed,Clothing,62,86
50902,Doloremque Ducimus,Clothing,306,34
50903,Amet Voluptatem,Books,326,70
50904,Illum Nihil,Electronics,29,78
50905,Reiciendis Dolorum,Toys,77,52
50906,Ducimus Necessitatibus,Electronics,377,53
50907,Id Laborum,Books,415,83
50908,Unde Suscipit,Clothing,133,24
50909,Voluptate Modi,Home,91,66
50910,Iste Nemo,Clothing,334,61
50911,Cumque Natus,Toys,430,54
50912,Nobis Aperiam,Home,440,45
50913,Reprehenderit Possimus,Clothing,157,23
50914,Vitae Dolore,Home,186,97
50915,Laborum Cupiditate,Electronics,129,45
50916,Quod Facere,Books,71,21
50917,Temporibus Non,Clothing,10,10
50918,Eaque Fuga,Toys,129,47
50919,Tempore Sequi,Electronics,318,7
50920,Dolore Ab,Clothing,330,38
50921,Adipisci Vel,Electronics,57,34
50922,Ratione Nesciunt,Toys,70,48
50923,Aliquid Fugit,Clothing,318,45
50924,Eos Id,Toys,86,37
50925,Pariatur Eveniet,Home,91,7
50926,Aliquam Eligendi,Toys,6,53
50927,Molestias Vero,Home,208,36
50928,Eum Suscipit,Clothing,154,90
50929,Sint Cupiditate,Home,297,91
50930,Atque Amet,Clothing,408,39
50931,Culpa Animi,Clothing,107,33
50932,Voluptatum Ea,Books,28,95
50933,Esse Perspiciatis,Clothing,372,78
50934,Illo Laudantium,Home,216,16
50935,Temporibus Ut,Books,69,32
50936,Voluptatibus Vero,Books,453,46
50937,Quia Porro,Clothing,213,51
50938,Fugit Expedita,Toys,255,79
50939,Officiis Expedita,Toys,389,92
50940,Alias Eius,Books,121,8
50941,Placeat Amet,Clothing,120,32
50942,Unde Libero,Toys,241,59
50943,At Natus,Clothing,482,92
50944,Officia Magni,Clothing,109,76
50945,Facilis Iusto,Books,499,20
50946,Nobis Doloremque,Books,263,57
50947,Necessitatibus Maiores,Electronics,50,84
50948,Inventore Fugiat,Toys,315,68
50949,Illo Recusandae,Toys,335,9
50950,Animi Vero,Toys,220,5
50951,Odit Autem,Home,474,12
50952,Est Doloribus,Clothing,452,64
50953,Fugiat Libero,Books,496,19
50954,Similique Esse,Toys,305,56
50955,Laudantium Commodi,Electronics,414,45
50956,Unde Esse,Toys,337,7
50957,Atque Distinctio,Clothing,453,9
50958,Accusantium Sit,Clothing,28,72
50959,Dolores Sint,Books,462,66
50960,Dolores Corrupti,Home,39,10
50961,Soluta Optio,Books,28,11
50962,Laboriosam Consequatur,Toys,32,9
50963,Saepe Accusantium,Electronics,488,24
50964,At Amet,Books,468,48
50965,Eveniet Laudantium,Home,492,48
50966,Officia Eos,Books,20,88
50967,Quidem Nesciunt,Clothing,63,10
50968,Minus Esse,Toys,469,61
50969,Harum Suscipit,Toys,247,35
50970,Placeat Molestiae,Toys,442,38
50971,Voluptate Quidem,Toys,211,52
50972,Eveniet Error,Toys,404,89
50973,Architecto Pariatur,Toys,275,77
50974,Natus Libero,Electronics,253,55
50975,Dignissimos Optio,Home,486,0
50976,Nisi Deleniti,Toys,271,55
50977,Optio Incidunt,Home,197,3
50978,Impedit Commodi,Toys,339,29
50979,Molestias Delectus,Books,222,11
50980,Omnis Voluptate,Toys,119,34
50981,Eligendi Eaque,Clothing,72,76
50982,Quasi Ducimus,Electronics,303,51
50983,Repudiandae Ipsum,Books,329,30
50984,Doloribus Eveniet,Books,487,86
50985,Cupiditate Maxime,Clothing,401,67
50986,Quibusdam Ipsa,Toys,398,51
50987,Eum A,Electronics,79,79
50988,Dolor Autem,Books,470,6
50989,Tempora Nihil,Electronics,486,21
50990,Amet Saepe,Books,107,92
50991,Facilis Totam,Toys,301,74
50992,Dicta Dicta,Books,494,55
50993,Harum Ad,Books,182,96
50994,Eveniet Enim,Home,219,57
50995,Nihil Sapiente,Toys,459,92
50996,Quidem Voluptas,Clothing,319,63
50997,Dolore Quia,Clothing,43,11
50998,At Hic,Toys,263,6
50999,Minima Impedit,Clothing,208,54
51000,Cum Tempore,Toys,11,61
